id,title,description,availability,condition,price,link,image_link,additional_image_link,video_link,brand,status,google_product_category,fb_product_category
t5laeie1rn4,"Auricular vincha bluetooth P47 rojo","ME MATA LIMON
Estamos en el KM3, Eldorado, Misiones

WhatsApp:
https://wa.me/5493751588753
https://wa.me/5493751588752
https://wa.me/5493757526015
https://wa.me/5493757526109

Nuestro canal en WhatsApp: https://whatsapp.com/channel/0029VbAee6b72WTumItPPh3U
Nuestro Instagram: @accesorioslimonok
Link a nuestra web: https://mematalimon.com.ar",in stock,new,8500 ARS,https://mematalimon.com.ar/producto/26,https://mematalimon.com.ar/imgcarrito/26.jpg,https://mematalimon.com.ar/imgcarrito/26B.jpg,https://mematalimon.com.ar/imgcarrito/26C.jpg,https://mematalimon.com.ar/imgcarrito/26D.jpg,https://mematalimon.com.ar/imgcarrito/26E.jpg,,Me mata limon,active,166,530
8hm44yd5284,"Microfono corbatero inalambrico con ficha TIPOC y iPhone","ME MATA LIMON
Estamos en el KM3, Eldorado, Misiones

WhatsApp:
https://wa.me/5493751588753
https://wa.me/5493751588752
https://wa.me/5493757526015
https://wa.me/5493757526109

Nuestro canal en WhatsApp: https://whatsapp.com/channel/0029VbAee6b72WTumItPPh3U
Nuestro Instagram: @accesorioslimonok
Link a nuestra web: https://mematalimon.com.ar",in stock,new,13000 ARS,https://mematalimon.com.ar/producto/27,https://mematalimon.com.ar/imgcarrito/27.jpg,https://mematalimon.com.ar/imgcarrito/27B.jpg,https://mematalimon.com.ar/imgcarrito/27C.jpg,https://mematalimon.com.ar/imgcarrito/27D.jpg,https://mematalimon.com.ar/imgcarrito/27E.jpg,,Me mata limon,active,166,530
3qhbz3legv4,"Auricular vincha bluetooth P47 verde","ME MATA LIMON
Estamos en el KM3, Eldorado, Misiones

WhatsApp:
https://wa.me/5493751588753
https://wa.me/5493751588752
https://wa.me/5493757526015
https://wa.me/5493757526109

Nuestro canal en WhatsApp: https://whatsapp.com/channel/0029VbAee6b72WTumItPPh3U
Nuestro Instagram: @accesorioslimonok
Link a nuestra web: https://mematalimon.com.ar",in stock,new,8500 ARS,https://mematalimon.com.ar/producto/30,https://mematalimon.com.ar/imgcarrito/30.jpg,https://mematalimon.com.ar/imgcarrito/30B.jpg,https://mematalimon.com.ar/imgcarrito/30C.jpg,https://mematalimon.com.ar/imgcarrito/30D.jpg,https://mematalimon.com.ar/imgcarrito/30E.jpg,,Me mata limon,active,166,530
zrfzm9kzdx4,"Cabezal Apple TIPOC 35W","ME MATA LIMON
Estamos en el KM3, Eldorado, Misiones

WhatsApp:
https://wa.me/5493751588753
https://wa.me/5493751588752
https://wa.me/5493757526015
https://wa.me/5493757526109

Nuestro canal en WhatsApp: https://whatsapp.com/channel/0029VbAee6b72WTumItPPh3U
Nuestro Instagram: @accesorioslimonok
Link a nuestra web: https://mematalimon.com.ar",in stock,new,12000 ARS,https://mematalimon.com.ar/producto/41,https://mematalimon.com.ar/imgcarrito/41.jpg,https://mematalimon.com.ar/imgcarrito/41B.jpg,https://mematalimon.com.ar/imgcarrito/41C.jpg,https://mematalimon.com.ar/imgcarrito/41D.jpg,https://mematalimon.com.ar/imgcarrito/41E.jpg,,Me mata limon,active,166,530
9mndz62nos4,"Cable HDMI 1.5mts","ME MATA LIMON
Estamos en el KM3, Eldorado, Misiones

WhatsApp:
https://wa.me/5493751588753
https://wa.me/5493751588752
https://wa.me/5493757526015
https://wa.me/5493757526109

Nuestro canal en WhatsApp: https://whatsapp.com/channel/0029VbAee6b72WTumItPPh3U
Nuestro Instagram: @accesorioslimonok
Link a nuestra web: https://mematalimon.com.ar",in stock,new,2000 ARS,https://mematalimon.com.ar/producto/49,https://mematalimon.com.ar/imgcarrito/49.jpg,https://mematalimon.com.ar/imgcarrito/49B.jpg,https://mematalimon.com.ar/imgcarrito/49C.jpg,https://mematalimon.com.ar/imgcarrito/49D.jpg,https://mematalimon.com.ar/imgcarrito/49E.jpg,,Me mata limon,active,166,530
61u4dp3bqj4,"Cable TIPOC a TIPOC Time 45W","ME MATA LIMON
Estamos en el KM3, Eldorado, Misiones

WhatsApp:
https://wa.me/5493751588753
https://wa.me/5493751588752
https://wa.me/5493757526015
https://wa.me/5493757526109

Nuestro canal en WhatsApp: https://whatsapp.com/channel/0029VbAee6b72WTumItPPh3U
Nuestro Instagram: @accesorioslimonok
Link a nuestra web: https://mematalimon.com.ar",in stock,new,3800 ARS,https://mematalimon.com.ar/producto/53,https://mematalimon.com.ar/imgcarrito/53.jpg,https://mematalimon.com.ar/imgcarrito/53B.jpg,https://mematalimon.com.ar/imgcarrito/53C.jpg,https://mematalimon.com.ar/imgcarrito/53D.jpg,https://mematalimon.com.ar/imgcarrito/53E.jpg,,Me mata limon,active,166,530
za0yud6of04,"Cable USB a iPhone 5A","ME MATA LIMON
Estamos en el KM3, Eldorado, Misiones

WhatsApp:
https://wa.me/5493751588753
https://wa.me/5493751588752
https://wa.me/5493757526015
https://wa.me/5493757526109

Nuestro canal en WhatsApp: https://whatsapp.com/channel/0029VbAee6b72WTumItPPh3U
Nuestro Instagram: @accesorioslimonok
Link a nuestra web: https://mematalimon.com.ar",in stock,new,3000 ARS,https://mematalimon.com.ar/producto/54,https://mematalimon.com.ar/imgcarrito/54.jpg,https://mematalimon.com.ar/imgcarrito/54B.jpg,https://mematalimon.com.ar/imgcarrito/54C.jpg,https://mematalimon.com.ar/imgcarrito/54D.jpg,https://mematalimon.com.ar/imgcarrito/54E.jpg,,Me mata limon,active,166,530
qbokoowkgs4,"Calculadora 12 digitos","ME MATA LIMON
Estamos en el KM3, Eldorado, Misiones

WhatsApp:
https://wa.me/5493751588753
https://wa.me/5493751588752
https://wa.me/5493757526015
https://wa.me/5493757526109

Nuestro canal en WhatsApp: https://whatsapp.com/channel/0029VbAee6b72WTumItPPh3U
Nuestro Instagram: @accesorioslimonok
Link a nuestra web: https://mematalimon.com.ar",in stock,new,5800 ARS,https://mematalimon.com.ar/producto/62,https://mematalimon.com.ar/imgcarrito/62.jpg,https://mematalimon.com.ar/imgcarrito/62B.jpg,https://mematalimon.com.ar/imgcarrito/62C.jpg,https://mematalimon.com.ar/imgcarrito/62D.jpg,https://mematalimon.com.ar/imgcarrito/62E.jpg,,Me mata limon,active,166,530
qhbxi854nk4,"Calculadora 12 digitos Kawaii blanco","ME MATA LIMON
Estamos en el KM3, Eldorado, Misiones

WhatsApp:
https://wa.me/5493751588753
https://wa.me/5493751588752
https://wa.me/5493757526015
https://wa.me/5493757526109

Nuestro canal en WhatsApp: https://whatsapp.com/channel/0029VbAee6b72WTumItPPh3U
Nuestro Instagram: @accesorioslimonok
Link a nuestra web: https://mematalimon.com.ar",in stock,new,9000 ARS,https://mematalimon.com.ar/producto/63,https://mematalimon.com.ar/imgcarrito/63.jpg,https://mematalimon.com.ar/imgcarrito/63B.jpg,https://mematalimon.com.ar/imgcarrito/63C.jpg,https://mematalimon.com.ar/imgcarrito/63D.jpg,https://mematalimon.com.ar/imgcarrito/63E.jpg,,Me mata limon,active,166,530
3p3ybtzgsx4,"Calculadora 12 digitos Kawaii celeste","ME MATA LIMON
Estamos en el KM3, Eldorado, Misiones

WhatsApp:
https://wa.me/5493751588753
https://wa.me/5493751588752
https://wa.me/5493757526015
https://wa.me/5493757526109

Nuestro canal en WhatsApp: https://whatsapp.com/channel/0029VbAee6b72WTumItPPh3U
Nuestro Instagram: @accesorioslimonok
Link a nuestra web: https://mematalimon.com.ar",in stock,new,9000 ARS,https://mematalimon.com.ar/producto/64,https://mematalimon.com.ar/imgcarrito/64.jpg,https://mematalimon.com.ar/imgcarrito/64B.jpg,https://mematalimon.com.ar/imgcarrito/64C.jpg,https://mematalimon.com.ar/imgcarrito/64D.jpg,https://mematalimon.com.ar/imgcarrito/64E.jpg,,Me mata limon,active,166,530
0ujsrq57xs4,"Control universal para aire acondicionado","ME MATA LIMON
Estamos en el KM3, Eldorado, Misiones

WhatsApp:
https://wa.me/5493751588753
https://wa.me/5493751588752
https://wa.me/5493757526015
https://wa.me/5493757526109

Nuestro canal en WhatsApp: https://whatsapp.com/channel/0029VbAee6b72WTumItPPh3U
Nuestro Instagram: @accesorioslimonok
Link a nuestra web: https://mematalimon.com.ar",in stock,new,7300 ARS,https://mematalimon.com.ar/producto/78,https://mematalimon.com.ar/imgcarrito/78.jpg,https://mematalimon.com.ar/imgcarrito/78B.jpg,https://mematalimon.com.ar/imgcarrito/78C.jpg,https://mematalimon.com.ar/imgcarrito/78D.jpg,https://mematalimon.com.ar/imgcarrito/78E.jpg,,Me mata limon,active,166,530
7s4qlrur6q4,"Conversor de señal de AV a HDMI","ME MATA LIMON
Estamos en el KM3, Eldorado, Misiones

WhatsApp:
https://wa.me/5493751588753
https://wa.me/5493751588752
https://wa.me/5493757526015
https://wa.me/5493757526109

Nuestro canal en WhatsApp: https://whatsapp.com/channel/0029VbAee6b72WTumItPPh3U
Nuestro Instagram: @accesorioslimonok
Link a nuestra web: https://mematalimon.com.ar",in stock,new,10500 ARS,https://mematalimon.com.ar/producto/79,https://mematalimon.com.ar/imgcarrito/79.jpg,https://mematalimon.com.ar/imgcarrito/79B.jpg,https://mematalimon.com.ar/imgcarrito/79C.jpg,https://mematalimon.com.ar/imgcarrito/79D.jpg,https://mematalimon.com.ar/imgcarrito/79E.jpg,,Me mata limon,active,166,530
x4fw3lm0ic4,"Conversor de señal de HDMI a AV","ME MATA LIMON
Estamos en el KM3, Eldorado, Misiones

WhatsApp:
https://wa.me/5493751588753
https://wa.me/5493751588752
https://wa.me/5493757526015
https://wa.me/5493757526109

Nuestro canal en WhatsApp: https://whatsapp.com/channel/0029VbAee6b72WTumItPPh3U
Nuestro Instagram: @accesorioslimonok
Link a nuestra web: https://mematalimon.com.ar",in stock,new,10800 ARS,https://mematalimon.com.ar/producto/80,https://mematalimon.com.ar/imgcarrito/80.jpg,https://mematalimon.com.ar/imgcarrito/80B.jpg,https://mematalimon.com.ar/imgcarrito/80C.jpg,https://mematalimon.com.ar/imgcarrito/80D.jpg,https://mematalimon.com.ar/imgcarrito/80E.jpg,,Me mata limon,active,166,530
wqlsu8m3t84,"Conversor de señal de VGA a AV","ME MATA LIMON
Estamos en el KM3, Eldorado, Misiones

WhatsApp:
https://wa.me/5493751588753
https://wa.me/5493751588752
https://wa.me/5493757526015
https://wa.me/5493757526109

Nuestro canal en WhatsApp: https://whatsapp.com/channel/0029VbAee6b72WTumItPPh3U
Nuestro Instagram: @accesorioslimonok
Link a nuestra web: https://mematalimon.com.ar",in stock,new,10200 ARS,https://mematalimon.com.ar/producto/81,https://mematalimon.com.ar/imgcarrito/81.jpg,https://mematalimon.com.ar/imgcarrito/81B.jpg,https://mematalimon.com.ar/imgcarrito/81C.jpg,https://mematalimon.com.ar/imgcarrito/81D.jpg,https://mematalimon.com.ar/imgcarrito/81E.jpg,,Me mata limon,active,166,530
td96qfmiy04,"Correa extensible para mascotas 5mts rosa","ME MATA LIMON
Estamos en el KM3, Eldorado, Misiones

WhatsApp:
https://wa.me/5493751588753
https://wa.me/5493751588752
https://wa.me/5493757526015
https://wa.me/5493757526109

Nuestro canal en WhatsApp: https://whatsapp.com/channel/0029VbAee6b72WTumItPPh3U
Nuestro Instagram: @accesorioslimonok
Link a nuestra web: https://mematalimon.com.ar",in stock,new,9800 ARS,https://mematalimon.com.ar/producto/82,https://mematalimon.com.ar/imgcarrito/82.jpg,https://mematalimon.com.ar/imgcarrito/82B.jpg,https://mematalimon.com.ar/imgcarrito/82C.jpg,https://mematalimon.com.ar/imgcarrito/82D.jpg,https://mematalimon.com.ar/imgcarrito/82E.jpg,,Me mata limon,active,166,530
h6sqrlhge24,"Depiladora corporal recargable 4 en 1","Incluye cabezales para distintas partes del cuerpo

ME MATA LIMON
Estamos en el KM3, Eldorado, Misiones

WhatsApp:
https://wa.me/5493751588753
https://wa.me/5493751588752
https://wa.me/5493757526015
https://wa.me/5493757526109

Nuestro canal en WhatsApp: https://whatsapp.com/channel/0029VbAee6b72WTumItPPh3U
Nuestro Instagram: @accesorioslimonok
Link a nuestra web: https://mematalimon.com.ar",in stock,new,30600 ARS,https://mematalimon.com.ar/producto/86,https://mematalimon.com.ar/imgcarrito/86.jpg,https://mematalimon.com.ar/imgcarrito/86B.jpg,https://mematalimon.com.ar/imgcarrito/86C.jpg,https://mematalimon.com.ar/imgcarrito/86D.jpg,https://mematalimon.com.ar/imgcarrito/86E.jpg,,Me mata limon,active,166,530
c6mbyayc3z4,"Foco giratorio bolichero","ME MATA LIMON
Estamos en el KM3, Eldorado, Misiones

WhatsApp:
https://wa.me/5493751588753
https://wa.me/5493751588752
https://wa.me/5493757526015
https://wa.me/5493757526109

Nuestro canal en WhatsApp: https://whatsapp.com/channel/0029VbAee6b72WTumItPPh3U
Nuestro Instagram: @accesorioslimonok
Link a nuestra web: https://mematalimon.com.ar",in stock,new,3600 ARS,https://mematalimon.com.ar/producto/93,https://mematalimon.com.ar/imgcarrito/93.jpg,https://mematalimon.com.ar/imgcarrito/93B.jpg,https://mematalimon.com.ar/imgcarrito/93C.jpg,https://mematalimon.com.ar/imgcarrito/93D.jpg,https://mematalimon.com.ar/imgcarrito/93E.jpg,,Me mata limon,active,166,530
zpkgv49xn04,"Juguete anti estres Pringles celeste","ME MATA LIMON
Estamos en el KM3, Eldorado, Misiones

WhatsApp:
https://wa.me/5493751588753
https://wa.me/5493751588752
https://wa.me/5493757526015
https://wa.me/5493757526109

Nuestro canal en WhatsApp: https://whatsapp.com/channel/0029VbAee6b72WTumItPPh3U
Nuestro Instagram: @accesorioslimonok
Link a nuestra web: https://mematalimon.com.ar",in stock,new,4000 ARS,https://mematalimon.com.ar/producto/113,https://mematalimon.com.ar/imgcarrito/113.jpg,https://mematalimon.com.ar/imgcarrito/113B.jpg,https://mematalimon.com.ar/imgcarrito/113C.jpg,https://mematalimon.com.ar/imgcarrito/113D.jpg,https://mematalimon.com.ar/imgcarrito/113E.jpg,,Me mata limon,active,166,530
j3a0r5bz6t4,"Juguete anti estres Pringles naranja","ME MATA LIMON
Estamos en el KM3, Eldorado, Misiones

WhatsApp:
https://wa.me/5493751588753
https://wa.me/5493751588752
https://wa.me/5493757526015
https://wa.me/5493757526109

Nuestro canal en WhatsApp: https://whatsapp.com/channel/0029VbAee6b72WTumItPPh3U
Nuestro Instagram: @accesorioslimonok
Link a nuestra web: https://mematalimon.com.ar",in stock,new,4000 ARS,https://mematalimon.com.ar/producto/114,https://mematalimon.com.ar/imgcarrito/114.jpg,https://mematalimon.com.ar/imgcarrito/114B.jpg,https://mematalimon.com.ar/imgcarrito/114C.jpg,https://mematalimon.com.ar/imgcarrito/114D.jpg,https://mematalimon.com.ar/imgcarrito/114E.jpg,,Me mata limon,active,166,530
v9rr1ikcye4,"Juguete anti estres Pringles rosa","ME MATA LIMON
Estamos en el KM3, Eldorado, Misiones

WhatsApp:
https://wa.me/5493751588753
https://wa.me/5493751588752
https://wa.me/5493757526015
https://wa.me/5493757526109

Nuestro canal en WhatsApp: https://whatsapp.com/channel/0029VbAee6b72WTumItPPh3U
Nuestro Instagram: @accesorioslimonok
Link a nuestra web: https://mematalimon.com.ar",in stock,new,4000 ARS,https://mematalimon.com.ar/producto/115,https://mematalimon.com.ar/imgcarrito/115.jpg,https://mematalimon.com.ar/imgcarrito/115B.jpg,https://mematalimon.com.ar/imgcarrito/115C.jpg,https://mematalimon.com.ar/imgcarrito/115D.jpg,https://mematalimon.com.ar/imgcarrito/115E.jpg,,Me mata limon,active,166,530
1ydc1kbfxp4,"Lapiz detector de billetes falsos","ME MATA LIMON
Estamos en el KM3, Eldorado, Misiones

WhatsApp:
https://wa.me/5493751588753
https://wa.me/5493751588752
https://wa.me/5493757526015
https://wa.me/5493757526109

Nuestro canal en WhatsApp: https://whatsapp.com/channel/0029VbAee6b72WTumItPPh3U
Nuestro Instagram: @accesorioslimonok
Link a nuestra web: https://mematalimon.com.ar",in stock,new,1200 ARS,https://mematalimon.com.ar/producto/117,https://mematalimon.com.ar/imgcarrito/117.jpg,https://mematalimon.com.ar/imgcarrito/117B.jpg,https://mematalimon.com.ar/imgcarrito/117C.jpg,https://mematalimon.com.ar/imgcarrito/117D.jpg,https://mematalimon.com.ar/imgcarrito/117E.jpg,,Me mata limon,active,166,530
ccsizbw9sr4,"Llavero con alarma para defensa personal Gris","ME MATA LIMON
Estamos en el KM3, Eldorado, Misiones

WhatsApp:
https://wa.me/5493751588753
https://wa.me/5493751588752
https://wa.me/5493757526015
https://wa.me/5493757526109

Nuestro canal en WhatsApp: https://whatsapp.com/channel/0029VbAee6b72WTumItPPh3U
Nuestro Instagram: @accesorioslimonok
Link a nuestra web: https://mematalimon.com.ar",in stock,new,9600 ARS,https://mematalimon.com.ar/producto/131,https://mematalimon.com.ar/imgcarrito/131.jpg,https://mematalimon.com.ar/imgcarrito/131B.jpg,https://mematalimon.com.ar/imgcarrito/131C.jpg,https://mematalimon.com.ar/imgcarrito/131D.jpg,https://mematalimon.com.ar/imgcarrito/131E.jpg,,Me mata limon,active,166,530
4897oce4t04,"Llavero con alarma para defensa personal Verde","ME MATA LIMON
Estamos en el KM3, Eldorado, Misiones

WhatsApp:
https://wa.me/5493751588753
https://wa.me/5493751588752
https://wa.me/5493757526015
https://wa.me/5493757526109

Nuestro canal en WhatsApp: https://whatsapp.com/channel/0029VbAee6b72WTumItPPh3U
Nuestro Instagram: @accesorioslimonok
Link a nuestra web: https://mematalimon.com.ar",in stock,new,9600 ARS,https://mematalimon.com.ar/producto/132,https://mematalimon.com.ar/imgcarrito/132.jpg,https://mematalimon.com.ar/imgcarrito/132B.jpg,https://mematalimon.com.ar/imgcarrito/132C.jpg,https://mematalimon.com.ar/imgcarrito/132D.jpg,https://mematalimon.com.ar/imgcarrito/132E.jpg,,Me mata limon,active,166,530
jcrzch5cwn4,"Mano de gestos LED a pila","ME MATA LIMON
Estamos en el KM3, Eldorado, Misiones

WhatsApp:
https://wa.me/5493751588753
https://wa.me/5493751588752
https://wa.me/5493757526015
https://wa.me/5493757526109

Nuestro canal en WhatsApp: https://whatsapp.com/channel/0029VbAee6b72WTumItPPh3U
Nuestro Instagram: @accesorioslimonok
Link a nuestra web: https://mematalimon.com.ar",in stock,new,16500 ARS,https://mematalimon.com.ar/producto/133,https://mematalimon.com.ar/imgcarrito/133.jpg,https://mematalimon.com.ar/imgcarrito/133B.jpg,https://mematalimon.com.ar/imgcarrito/133C.jpg,https://mematalimon.com.ar/imgcarrito/133D.jpg,https://mematalimon.com.ar/imgcarrito/133E.jpg,,Me mata limon,active,166,530
epab6mrwkl4,"Marcadores de doble punta x24","ME MATA LIMON
Estamos en el KM3, Eldorado, Misiones

WhatsApp:
https://wa.me/5493751588753
https://wa.me/5493751588752
https://wa.me/5493757526015
https://wa.me/5493757526109

Nuestro canal en WhatsApp: https://whatsapp.com/channel/0029VbAee6b72WTumItPPh3U
Nuestro Instagram: @accesorioslimonok
Link a nuestra web: https://mematalimon.com.ar",in stock,new,7500 ARS,https://mematalimon.com.ar/producto/136,https://mematalimon.com.ar/imgcarrito/136.jpg,https://mematalimon.com.ar/imgcarrito/136B.jpg,https://mematalimon.com.ar/imgcarrito/136C.jpg,https://mematalimon.com.ar/imgcarrito/136D.jpg,https://mematalimon.com.ar/imgcarrito/136E.jpg,,Me mata limon,active,166,530
9gxrnjr9bt4,"Mouse con cable","ME MATA LIMON
Estamos en el KM3, Eldorado, Misiones

WhatsApp:
https://wa.me/5493751588753
https://wa.me/5493751588752
https://wa.me/5493757526015
https://wa.me/5493757526109

Nuestro canal en WhatsApp: https://whatsapp.com/channel/0029VbAee6b72WTumItPPh3U
Nuestro Instagram: @accesorioslimonok
Link a nuestra web: https://mematalimon.com.ar",in stock,new,4500 ARS,https://mematalimon.com.ar/producto/150,https://mematalimon.com.ar/imgcarrito/150.jpg,https://mematalimon.com.ar/imgcarrito/150B.jpg,https://mematalimon.com.ar/imgcarrito/150C.jpg,https://mematalimon.com.ar/imgcarrito/150D.jpg,https://mematalimon.com.ar/imgcarrito/150E.jpg,,Me mata limon,active,166,530
rpfbj6vg5k4,"Navaja de metal Everest Azul","No incluye filos

ME MATA LIMON
Estamos en el KM3, Eldorado, Misiones

WhatsApp:
https://wa.me/5493751588753
https://wa.me/5493751588752
https://wa.me/5493757526015
https://wa.me/5493757526109

Nuestro canal en WhatsApp: https://whatsapp.com/channel/0029VbAee6b72WTumItPPh3U
Nuestro Instagram: @accesorioslimonok
Link a nuestra web: https://mematalimon.com.ar",in stock,new,7200 ARS,https://mematalimon.com.ar/producto/154,https://mematalimon.com.ar/imgcarrito/154.jpg,https://mematalimon.com.ar/imgcarrito/154B.jpg,https://mematalimon.com.ar/imgcarrito/154C.jpg,https://mematalimon.com.ar/imgcarrito/154D.jpg,https://mematalimon.com.ar/imgcarrito/154E.jpg,,Me mata limon,active,166,530
izk0uqtj464,"Pad negro 18x22cm","ME MATA LIMON
Estamos en el KM3, Eldorado, Misiones

WhatsApp:
https://wa.me/5493751588753
https://wa.me/5493751588752
https://wa.me/5493757526015
https://wa.me/5493757526109

Nuestro canal en WhatsApp: https://whatsapp.com/channel/0029VbAee6b72WTumItPPh3U
Nuestro Instagram: @accesorioslimonok
Link a nuestra web: https://mematalimon.com.ar",in stock,new,2000 ARS,https://mematalimon.com.ar/producto/165,https://mematalimon.com.ar/imgcarrito/165.jpg,https://mematalimon.com.ar/imgcarrito/165B.jpg,https://mematalimon.com.ar/imgcarrito/165C.jpg,https://mematalimon.com.ar/imgcarrito/165D.jpg,https://mematalimon.com.ar/imgcarrito/165E.jpg,,Me mata limon,active,166,530
45t0bqmbyw4,"Peine para mechas","ME MATA LIMON
Estamos en el KM3, Eldorado, Misiones

WhatsApp:
https://wa.me/5493751588753
https://wa.me/5493751588752
https://wa.me/5493757526015
https://wa.me/5493757526109

Nuestro canal en WhatsApp: https://whatsapp.com/channel/0029VbAee6b72WTumItPPh3U
Nuestro Instagram: @accesorioslimonok
Link a nuestra web: https://mematalimon.com.ar",in stock,new,3200 ARS,https://mematalimon.com.ar/producto/172,https://mematalimon.com.ar/imgcarrito/172.jpg,https://mematalimon.com.ar/imgcarrito/172B.jpg,https://mematalimon.com.ar/imgcarrito/172C.jpg,https://mematalimon.com.ar/imgcarrito/172D.jpg,https://mematalimon.com.ar/imgcarrito/172E.jpg,,Me mata limon,active,166,530
8zmrx3faxr4,"Placa de sonido USB para PC","ME MATA LIMON
Estamos en el KM3, Eldorado, Misiones

WhatsApp:
https://wa.me/5493751588753
https://wa.me/5493751588752
https://wa.me/5493757526015
https://wa.me/5493757526109

Nuestro canal en WhatsApp: https://whatsapp.com/channel/0029VbAee6b72WTumItPPh3U
Nuestro Instagram: @accesorioslimonok
Link a nuestra web: https://mematalimon.com.ar",in stock,new,3100 ARS,https://mematalimon.com.ar/producto/189,https://mematalimon.com.ar/imgcarrito/189.jpg,https://mematalimon.com.ar/imgcarrito/189B.jpg,https://mematalimon.com.ar/imgcarrito/189C.jpg,https://mematalimon.com.ar/imgcarrito/189D.jpg,https://mematalimon.com.ar/imgcarrito/189E.jpg,,Me mata limon,active,166,530
shjfr0uqym4,"Porta rollo para papel de cuello","ME MATA LIMON
Estamos en el KM3, Eldorado, Misiones

WhatsApp:
https://wa.me/5493751588753
https://wa.me/5493751588752
https://wa.me/5493757526015
https://wa.me/5493757526109

Nuestro canal en WhatsApp: https://whatsapp.com/channel/0029VbAee6b72WTumItPPh3U
Nuestro Instagram: @accesorioslimonok
Link a nuestra web: https://mematalimon.com.ar",in stock,new,8400 ARS,https://mematalimon.com.ar/producto/191,https://mematalimon.com.ar/imgcarrito/191.jpg,https://mematalimon.com.ar/imgcarrito/191B.jpg,https://mematalimon.com.ar/imgcarrito/191C.jpg,https://mematalimon.com.ar/imgcarrito/191D.jpg,https://mematalimon.com.ar/imgcarrito/191E.jpg,,Me mata limon,active,166,530
bwicggz3p54,"Reloj digital de metal simil Casio","Tiene luz, cronometro y alarma

ME MATA LIMON
Estamos en el KM3, Eldorado, Misiones

WhatsApp:
https://wa.me/5493751588753
https://wa.me/5493751588752
https://wa.me/5493757526015
https://wa.me/5493757526109

Nuestro canal en WhatsApp: https://whatsapp.com/channel/0029VbAee6b72WTumItPPh3U
Nuestro Instagram: @accesorioslimonok
Link a nuestra web: https://mematalimon.com.ar",in stock,new,7500 ARS,https://mematalimon.com.ar/producto/197,https://mematalimon.com.ar/imgcarrito/197.jpg,https://mematalimon.com.ar/imgcarrito/197B.jpg,https://mematalimon.com.ar/imgcarrito/197C.jpg,https://mematalimon.com.ar/imgcarrito/197D.jpg,https://mematalimon.com.ar/imgcarrito/197E.jpg,,Me mata limon,active,166,530
32cuczmmmg4,"Reloj smartwatch M9 rosa","Recibe notificaciones de mensajes y redes sociales
Control de salud, fitness
Camara y musica remota
Clima
Varias funcionas mas

ME MATA LIMON
Estamos en el KM3, Eldorado, Misiones

WhatsApp:
https://wa.me/5493751588753
https://wa.me/5493751588752
https://wa.me/5493757526015
https://wa.me/5493757526109

Nuestro canal en WhatsApp: https://whatsapp.com/channel/0029VbAee6b72WTumItPPh3U
Nuestro Instagram: @accesorioslimonok
Link a nuestra web: https://mematalimon.com.ar",in stock,new,10500 ARS,https://mematalimon.com.ar/producto/207,https://mematalimon.com.ar/imgcarrito/207.jpg,https://mematalimon.com.ar/imgcarrito/207B.jpg,https://mematalimon.com.ar/imgcarrito/207C.jpg,https://mematalimon.com.ar/imgcarrito/207D.jpg,https://mematalimon.com.ar/imgcarrito/207E.jpg,,Me mata limon,active,166,530
zg1k86ag864,"Tijera de corte Everest acero negro","ME MATA LIMON
Estamos en el KM3, Eldorado, Misiones

WhatsApp:
https://wa.me/5493751588753
https://wa.me/5493751588752
https://wa.me/5493757526015
https://wa.me/5493757526109

Nuestro canal en WhatsApp: https://whatsapp.com/channel/0029VbAee6b72WTumItPPh3U
Nuestro Instagram: @accesorioslimonok
Link a nuestra web: https://mematalimon.com.ar",in stock,new,13600 ARS,https://mematalimon.com.ar/producto/230,https://mematalimon.com.ar/imgcarrito/230.jpg,https://mematalimon.com.ar/imgcarrito/230B.jpg,https://mematalimon.com.ar/imgcarrito/230C.jpg,https://mematalimon.com.ar/imgcarrito/230D.jpg,https://mematalimon.com.ar/imgcarrito/230E.jpg,,Me mata limon,active,166,530
41ibiz2flw4,"Tijera de corte roja","ME MATA LIMON
Estamos en el KM3, Eldorado, Misiones

WhatsApp:
https://wa.me/5493751588753
https://wa.me/5493751588752
https://wa.me/5493757526015
https://wa.me/5493757526109

Nuestro canal en WhatsApp: https://whatsapp.com/channel/0029VbAee6b72WTumItPPh3U
Nuestro Instagram: @accesorioslimonok
Link a nuestra web: https://mematalimon.com.ar",in stock,new,17600 ARS,https://mematalimon.com.ar/producto/233,https://mematalimon.com.ar/imgcarrito/233.jpg,https://mematalimon.com.ar/imgcarrito/233B.jpg,https://mematalimon.com.ar/imgcarrito/233C.jpg,https://mematalimon.com.ar/imgcarrito/233D.jpg,https://mematalimon.com.ar/imgcarrito/233E.jpg,,Me mata limon,active,166,530
esfbol38h04,"Torno de uñas 35000RPM","Diferentes velocidades
Incluye pedal, apoya torno y fresas

ME MATA LIMON
Estamos en el KM3, Eldorado, Misiones

WhatsApp:
https://wa.me/5493751588753
https://wa.me/5493751588752
https://wa.me/5493757526015
https://wa.me/5493757526109

Nuestro canal en WhatsApp: https://whatsapp.com/channel/0029VbAee6b72WTumItPPh3U
Nuestro Instagram: @accesorioslimonok
Link a nuestra web: https://mematalimon.com.ar",in stock,new,61000 ARS,https://mematalimon.com.ar/producto/240,https://mematalimon.com.ar/imgcarrito/240.jpg,https://mematalimon.com.ar/imgcarrito/240B.jpg,https://mematalimon.com.ar/imgcarrito/240C.jpg,https://mematalimon.com.ar/imgcarrito/240D.jpg,https://mematalimon.com.ar/imgcarrito/240E.jpg,,Me mata limon,active,166,530
